Atomic.Blonde.2017.1080p.BluRay.x264-[YTS.AG].mp4 ; 5204
Atomic.Blonde.2017.1080p.BluRay.x264-[YTS.AG].mp4 ; 6548
Atomic.Blonde.2017.1080p.BluRay.x264-[YTS.AG].mp4 ; 7132
Atomic.Blonde.2017.1080p.BluRay.x264-[YTS.AG].mp4 ; 11647
Atomic.Blonde.2017.1080p.BluRay.x264-[YTS.AG].mp4 ; 13374
Atomic.Blonde.2017.1080p.BluRay.x264-[YTS.AG].mp4 ; 51071
Atomic.Blonde.2017.1080p.BluRay.x264-[YTS.AG].mp4 ; 5887
Atomic.Blonde.2017.1080p.BluRay.x264-[YTS.AG].mp4 ; 35391
Atomic.Blonde.2017.1080p.BluRay.x264-[YTS.AG].mp4 ; 5844
Atomic.Blonde.2017.1080p.BluRay.x264-[YTS.AG].mp4 ; 14121
Atomic.Blonde.2017.1080p.BluRay.x264-[YTS.AG].mp4 ; 5609
